{"train_acc":100,"_runtime":6377.765880307,"test_acc":88.32,"epoch":55,"_timestamp":1.7719819357102077e+09,"_wandb":{"runtime":6377},"_step":54,"lr":0,"loss":0.002186644978820087}