{"_step":11,"final_test_acc":93.36,"epoch":10,"_wandb":{"runtime":1592},"test_acc":93.36,"_runtime":1592.955088906,"loss":0.22127536857676933,"train_acc":93.44,"lr":0,"_timestamp":1.7722907981531253e+09}