{"lr":2.4471741852423235e-05,"_step":11,"_timestamp":1.7720272171887228e+09,"_runtime":2165.223367075,"test_acc":67.24,"loss":1.1053956129666789,"train_acc":64.138,"_wandb":{"runtime":2165},"epoch":11}