{"_step":0,"_wandb":{"runtime":23},"prune_distill_ft/final_acc":31.45,"_timestamp":1.773768233498229e+09,"_runtime":13.107214891}