{"prune_distill_ft/epoch":25,"quant_distill_ft/epoch":20,"final/compression":3.2193238220303146,"_wandb":{"runtime":8406},"prune_distill_ft/test_acc":90.99,"quant_distill_ft/lr":0,"quant_distill_ft/final_acc":91.25,"quant_distill_ft/loss_kd":0.24411322109763275,"_timestamp":1.7737788990106378e+09,"prune_distill_ft/final_acc":90.99,"prune_distill_ft/lr":0,"prune_distill_ft/loss_ce":0.587682948964636,"final/accuracy_retention":97.64579989299091,"quant_distill_ft/test_acc":91.12,"_step":46,"quant_distill_ft/loss_total":0.31005747248525817,"prune_distill_ft/loss_total":0.3218472956505883,"prune_distill_ft/loss_kd":0.2553883756479949,"quant_distill_ft/loss_ce":0.5738344525208559,"prune_distill_ft/train_acc":85.884,"quant_distill_ft/train_acc":86.408,"_runtime":8406.600681397}