{"_step":1,"test_acc":51.06,"train_acc":50.148,"lr":0.1,"_wandb":{"runtime":659},"epoch":2,"loss":1.7801286495859971,"_runtime":489.665002765,"_timestamp":1.771942381026332e+09}