{"test_acc":55.59,"_wandb":{"runtime":488},"_step":1,"_timestamp":1.7725498462477233e+09,"loss":1.726230663564199,"train_acc":55.926,"_runtime":418.199193367,"epoch":2,"lr":0.000998458666866564}