{"test_acc":93.54,"epoch":10,"train_acc":93.37,"lr":0,"_wandb":{"runtime":1602},"_runtime":1602.930680374,"_step":11,"final_test_acc":93.54,"_timestamp":1.7723986696744173e+09,"loss":0.22174027028596005}