{"train_acc":96.174,"_timestamp":1.773869870373094e+09,"loss":0.967524411123427,"test_acc":92.3,"epoch":60,"lr":0,"_runtime":12161.873161537,"_step":59,"_wandb":{"runtime":12161}}