{"prune_distill_ft/final_acc":31.45,"_timestamp":1.773769162364251e+09,"_runtime":12.919115764,"_wandb":{"runtime":29},"_step":0}