{"test_acc":91.69,"train_acc":89.85,"_timestamp":1.7724646090073147e+09,"_step":19,"lr":0,"epoch":3,"loss":0.37470076400834273,"_runtime":3982.760764348,"_wandb":{"runtime":3989}}