{"lr":0,"_timestamp":1.7726035613317907e+09,"_runtime":18447.879767143,"test_acc":94.73,"_step":79,"epoch":80,"loss":0.8578859473604833,"_wandb":{"runtime":18447},"train_acc":98.9}