{"_wandb":{"runtime":2402},"train_acc":94.78,"test_acc":94.62,"lr":0,"_step":11,"epoch":3,"loss":0.18845410901776818,"_timestamp":1.7724502290125566e+09,"_runtime":2396.460863148}