{"epoch":1,"test_acc":94.64,"_timestamp":1.7724448733542233e+09,"_runtime":8.323991245,"_step":0,"_wandb":{"runtime":63}}