{"_timestamp":1.7737678997565331e+09,"_runtime":13.087241993,"_step":0,"_wandb":{"runtime":58},"prune_distill_ft/final_acc":31.45}