{"test_acc":70.03,"_timestamp":1.772391658902293e+09,"_runtime":6.573615296,"_step":0,"_wandb":{"runtime":37},"epoch":0}