{"_timestamp":1.7724478232703042e+09,"test_acc":94.38,"epoch":3,"lr":0,"_wandb":{"runtime":2005},"_runtime":1998.957280058,"_step":9,"loss":0.18781121825451588,"train_acc":94.362}