{"lr":0,"train_acc":93.972,"epoch":80,"loss":1.0594123217570202,"_runtime":16568.943978612,"_wandb":{"runtime":16568},"test_acc":89.19,"_step":79,"_timestamp":1.7725672540822678e+09}