{"quant_distill_ft/test_acc":89.71,"quant_distill_ft/loss_total":0.36662822729333894,"_runtime":8111.120220834,"quant_distill_ft/final_acc":89.78,"prune_distill_ft/lr":0,"quant_distill_ft/epoch":20,"quant_distill_ft/loss_ce":0.6286444927344237,"quant_distill_ft/loss_kd":0.3011241537302046,"_wandb":{"runtime":8111},"prune_distill_ft/final_acc":88.79,"quant_distill_ft/lr":0,"prune_distill_ft/epoch":25,"prune_distill_ft/loss_kd":0.3207060483944081,"prune_distill_ft/train_acc":82.52,"prune_distill_ft/loss_ce":0.6582801835921109,"_step":46,"final/compression":2.5136573900514088,"prune_distill_ft/loss_total":0.38822088289596235,"quant_distill_ft/train_acc":83.65,"prune_distill_ft/test_acc":88.79,"_timestamp":1.774041921172335e+09,"final/accuracy_retention":96.9441744951949}