{"loss":0.5096199306685602,"test_acc":83.75,"_timestamp":1.7727424282071831e+09,"_step":25,"epoch":25,"_wandb":{"runtime":3263},"lr":0,"final_test_acc":83.75,"_runtime":3260.05153358,"train_acc":82.622}