{"_step":15,"_timestamp":1.7737378017857394e+09,"_runtime":3344.479929862,"train_acc":74.016,"test_acc":74.49,"loss":1.34061780221322,"_wandb":{"runtime":3396},"lr":0.08345653031794292,"epoch":16}