{"lr":0,"final_test_acc":89.93,"test_acc":89.93,"train_acc":89.86,"_step":15,"_timestamp":1.7724792255275455e+09,"loss":0.31309445553918935,"_wandb":{"runtime":2109},"_runtime":2104.642524189,"epoch":14}