{"_wandb":{"runtime":17852},"loss":0.8801588780720673,"train_acc":98.998,"epoch":80,"lr":0,"_timestamp":1.7725851104082751e+09,"_runtime":17852.8131807,"_step":79,"test_acc":94.51}