{"test_acc":94.19,"lr":0.0004999999999999999,"train_acc":92.682,"epoch":1,"_wandb":{"runtime":731},"loss":0.24114182613351764,"_step":4,"_timestamp":1.7724456483552876e+09,"_runtime":612.054083259}