{"lr":2.4471741852423235e-05,"_timestamp":1.7720206813332217e+09,"test_acc":94.27,"train_acc":93.058,"loss":0.23346502634951527,"_runtime":2167.1115229,"_step":11,"_wandb":{"runtime":2167},"epoch":11}