{"_wandb":{"runtime":4242},"loss":1.2920105328873905,"lr":0.1,"train_acc":72.96,"epoch":17,"_runtime":4126.737474885,"_timestamp":1.7720101564297016e+09,"_step":16,"test_acc":72.29}