{"prune_distill_ft/loss_total":0.32441028824928775,"prune_distill_ft/final_acc":91.87,"prune_distill_ft/loss_ce":0.5084455334164603,"quant_distill_ft/loss_ce":0.4914815358798522,"quant_distill_ft/train_acc":89.142,"_wandb":{"runtime":7496},"_timestamp":1.7737637579703093e+09,"final/compression":2.5147171832024173,"prune_distill_ft/test_acc":91.87,"_step":46,"quant_distill_ft/final_acc":92.42,"prune_distill_ft/lr":0,"prune_distill_ft/epoch":25,"prune_distill_ft/train_acc":88.32,"quant_distill_ft/loss_kd":0.2336787669288228,"quant_distill_ft/epoch":20,"quant_distill_ft/test_acc":92.42,"quant_distill_ft/lr":0,"prune_distill_ft/loss_kd":0.24553803590786122,"final/accuracy_retention":98.89780631353665,"quant_distill_ft/loss_total":0.3110196013241778,"_runtime":7496.082846331}