{"epoch":11,"loss":0.20452516488349803,"test_acc":94.6,"lr":2.4471741852423235e-05,"_timestamp":1.7720163053532183e+09,"train_acc":93.982,"_runtime":2171.837751664,"_step":11,"_wandb":{"runtime":2171}}