{"prune_distill_ft/final_acc":31.45,"_wandb":{"runtime":24},"_timestamp":1.7737703071770165e+09,"_runtime":13.279223642,"_step":0}