{"quant_distill_ft/epoch":20,"prune_distill_ft/test_acc":89.67,"quant_distill_ft/loss_kd":0.2723615279664164,"final/compression":2.6978863622870035,"prune_distill_ft/loss_kd":0.2874204966685046,"quant_distill_ft/lr":0,"_step":46,"prune_distill_ft/loss_total":0.3506737467082565,"prune_distill_ft/lr":0,"_runtime":8330.552599837,"final/accuracy_retention":96.97813973424776,"prune_distill_ft/final_acc":89.67,"quant_distill_ft/loss_total":0.333526114997504,"quant_distill_ft/train_acc":85.67,"prune_distill_ft/epoch":25,"prune_distill_ft/train_acc":84.362,"_wandb":{"runtime":8330},"quant_distill_ft/final_acc":90.5,"_timestamp":1.7742109451427977e+09,"quant_distill_ft/loss_ce":0.5781844326526003,"prune_distill_ft/loss_ce":0.6036867170077761,"quant_distill_ft/test_acc":90.5}