{"epoch":1,"_timestamp":1.7720138907068665e+09,"lr":2.4471741852423235e-05,"loss":0.1995032485002828,"_step":12,"_runtime":2182.901779506,"train_acc":94.194,"_wandb":{"runtime":2273},"test_acc":85.49}