{"_runtime":9284.076141506,"quant_distill_ft/final_acc":89.25,"prune_distill_ft/test_acc":88.29,"quant_distill_ft/loss_total":0.3554901678658203,"prune_distill_ft/epoch":25,"prune_distill_ft/loss_total":0.3835638242838023,"prune_distill_ft/lr":0,"quant_distill_ft/test_acc":89.3,"quant_distill_ft/loss_ce":0.6097453884837573,"final/accuracy_retention":95.63866266609516,"prune_distill_ft/final_acc":88.29,"_wandb":{"runtime":9284},"prune_distill_ft/loss_ce":0.6480772275372845,"prune_distill_ft/train_acc":82.366,"quant_distill_ft/epoch":25,"quant_distill_ft/lr":0,"_step":51,"final/compression":3.0174477480618225,"_timestamp":1.7742226518325152e+09,"prune_distill_ft/loss_kd":0.31743546464787725,"quant_distill_ft/train_acc":84.344,"quant_distill_ft/loss_kd":0.291926355789537}