{"_runtime":12.745089612,"_step":0,"_wandb":{"runtime":12},"prune_distill_ft/final_acc":31.45,"_timestamp":1.7737698511909087e+09}