{"_runtime":1485.347214695,"train_acc":91.466,"_wandb":{"runtime":1485},"loss":0.27276276858032816,"final_test_acc":92.51,"test_acc":92.51,"lr":0,"_step":11,"_timestamp":1.7722938750976787e+09,"epoch":10}