{"lr":0,"_timestamp":1.773857700064048e+09,"loss":0.9586162313514048,"_runtime":12584.652248045,"_step":59,"epoch":60,"test_acc":92.61,"_wandb":{"runtime":12584},"train_acc":96.558}