{"test_acc":10,"_timestamp":1.7720115636328495e+09,"_runtime":7.7912972400000005,"_step":0,"_wandb":{"runtime":24},"epoch":1}