{"test_acc":92,"train_acc":89.078,"_wandb":{"runtime":2175},"_timestamp":1.7720250427817478e+09,"epoch":11,"lr":2.4471741852423235e-05,"_step":11,"loss":0.36175528435450993,"_runtime":2175.2264968}