{"_wandb":{"runtime":19352},"_runtime":19352.241035084,"test_acc":94.7,"epoch":80,"lr":0,"_timestamp":1.773935395171086e+09,"loss":0.8347189595822788,"_step":79,"train_acc":99.238}