{"final_test_acc":94.09,"lr":0,"_runtime":1728.326318771,"train_acc":94.136,"epoch":10,"test_acc":94.09,"_step":11,"loss":0.191695799770029,"_wandb":{"runtime":1728},"_timestamp":1.7723954189030392e+09}