{"_timestamp":1.7726280290983267e+09,"lr":0,"_step":79,"loss":0.9625170022401663,"test_acc":92.29,"epoch":80,"_runtime":19714.018128086,"_wandb":{"runtime":19714},"train_acc":96.344}