{"test_acc":92.07,"loss":0.19887931392435224,"_wandb":{"runtime":2280},"lr":0,"_runtime":2275.140038322,"final_test_acc":92.07,"train_acc":93.184,"epoch":14,"_step":15,"_timestamp":1.7724748297386415e+09}