{"train_acc":96.238,"test_acc":93.78,"_step":54,"_runtime":10704.248659473,"lr":0,"loss":0.1275448434488357,"_wandb":{"runtime":10704},"epoch":55,"_timestamp":1.7719926508719556e+09}