{"_wandb":{"runtime":3587},"_runtime":3580.956314772,"train_acc":94.562,"test_acc":94.42,"lr":0,"_step":17,"loss":0.189505976479491,"epoch":3,"_timestamp":1.7724566219652941e+09}