{"prune_distill_ft/loss_kd":0.2871640815263819,"quant_distill_ft/epoch":20,"prune_distill_ft/lr":0,"_wandb":{"runtime":8352},"quant_distill_ft/test_acc":90.25,"_step":46,"final/compression":2.6978863622870035,"prune_distill_ft/loss_ce":0.6037135555997224,"_timestamp":1.774092899003599e+09,"prune_distill_ft/loss_total":0.3504739814745191,"quant_distill_ft/train_acc":85.34,"prune_distill_ft/final_acc":89.79,"_runtime":8352.846798327,"prune_distill_ft/test_acc":89.79,"quant_distill_ft/loss_total":0.3333019222635442,"prune_distill_ft/train_acc":84.582,"quant_distill_ft/loss_ce":0.5785416035777162,"quant_distill_ft/final_acc":90.25,"quant_distill_ft/lr":0,"prune_distill_ft/epoch":25,"final/accuracy_retention":96.71024432061724,"quant_distill_ft/loss_kd":0.27199199471784674}