{"_wandb":{"runtime":2167},"_timestamp":1.772022857846887e+09,"epoch":11,"_runtime":2167.188370104,"_step":11,"loss":0.29017774678785785,"lr":2.4471741852423235e-05,"train_acc":91.796,"test_acc":93.5}