{"lr":0,"final_test_acc":92.62,"_wandb":{"runtime":1478},"epoch":10,"test_acc":92.62,"_runtime":1478.260852617,"loss":0.2777144789428967,"train_acc":91.22,"_timestamp":1.772401760534159e+09,"_step":11}