{"_timestamp":1.7738451119814749e+09,"lr":0,"train_acc":97.274,"_wandb":{"runtime":12626},"epoch":60,"test_acc":93.32,"_runtime":12626.560189504,"_step":59,"loss":0.9392204248081998}