{"_runtime":972.351359672,"epoch":4,"train_acc":67.012,"lr":0.1,"loss":1.55758154941032,"_timestamp":1.7719439224334564e+09,"_wandb":{"runtime":1040},"test_acc":67.41,"_step":3}