{"_step":11,"lr":2.4471741852423235e-05,"loss":0.21259397072503178,"epoch":11,"_runtime":2190.32188806,"test_acc":94.41,"_timestamp":1.7720185049180768e+09,"train_acc":93.694,"_wandb":{"runtime":2190}}