{"_wandb":{"runtime":6402},"test_acc":88.08,"_runtime":6402.696547672,"lr":0.0010000000000000002,"_timestamp":1.7719514120535147e+09,"epoch":55,"loss":0.0028138434997631136,"train_acc":100,"_step":54}