{"train_acc":93.22,"test_acc":93.66,"loss":0.24695000206799153,"_step":19,"_timestamp":1.7724606158088875e+09,"lr":0,"_wandb":{"runtime":3991},"_runtime":3984.887295888,"epoch":3}