{"prune_distill_ft/train_acc":81.114,"prune_distill_ft/loss_ce":0.6991706147523182,"_wandb":{"runtime":7759},"quant_distill_ft/loss_ce":0.6697716917223333,"prune_distill_ft/test_acc":87.61,"prune_distill_ft/epoch":25,"final/compression":2.4655768721129556,"quant_distill_ft/test_acc":88.11,"quant_distill_ft/train_acc":82.024,"quant_distill_ft/loss_total":0.39230322963593867,"prune_distill_ft/loss_kd":0.34444807988146076,"_runtime":7759.227703628,"prune_distill_ft/final_acc":87.61,"final/accuracy_retention":95.46045503791983,"prune_distill_ft/lr":0,"quant_distill_ft/lr":0,"quant_distill_ft/loss_kd":0.3229361046343813,"prune_distill_ft/loss_total":0.4153925951027199,"_timestamp":1.7740330467822223e+09,"quant_distill_ft/epoch":20,"_step":46,"quant_distill_ft/final_acc":88.11}