{"lr":0,"_timestamp":1.7726469705223322e+09,"_wandb":{"runtime":18938},"_step":79,"train_acc":99.236,"_runtime":18938.598280423,"epoch":80,"loss":0.8338407433503653,"test_acc":95.09}