{"prune_distill_ft/loss_kd":0.28836373338842636,"quant_distill_ft/epoch":20,"final/compression":2.6978863622870035,"quant_distill_ft/loss_kd":0.2731111225531534,"quant_distill_ft/loss_total":0.33407866950992426,"prune_distill_ft/loss_ce":0.6013401143462457,"_timestamp":1.774115400659553e+09,"quant_distill_ft/test_acc":90.2,"prune_distill_ft/train_acc":84.332,"_wandb":{"runtime":8327},"quant_distill_ft/final_acc":90.42,"final/accuracy_retention":96.892413201886,"quant_distill_ft/lr":0,"prune_distill_ft/epoch":25,"prune_distill_ft/lr":0,"prune_distill_ft/loss_total":0.350959015471856,"_runtime":8327.164768559,"quant_distill_ft/loss_ce":0.5779488294020944,"prune_distill_ft/final_acc":90.01,"_step":46,"prune_distill_ft/test_acc":90.01,"quant_distill_ft/train_acc":85.458}