{"_timestamp":1.7725503463814578e+09,"epoch":2,"_step":1,"train_acc":53.418,"_wandb":{"runtime":577},"test_acc":53.63,"loss":1.7388169945353438,"_runtime":416.940506538,"lr":0.000998458666866564}