{"_wandb":{"runtime":12934},"test_acc":93.45,"_runtime":12934.775671768,"lr":0,"_timestamp":1.7737508485342286e+09,"_step":59,"epoch":60,"loss":0.9142819346807649,"train_acc":97.692}