{"_wandb":{"runtime":9369},"_timestamp":1.774273800817555e+09,"quant_distill_ft/lr":0,"quant_distill_ft/epoch":25,"final/accuracy_retention":96.6888126875268,"quant_distill_ft/loss_ce":0.5862758033110967,"prune_distill_ft/loss_total":0.36122211421389716,"final/compression":2.81595483615091,"_runtime":9369.528275201,"quant_distill_ft/loss_kd":0.2757379427514113,"prune_distill_ft/test_acc":89.45,"prune_distill_ft/lr":0,"prune_distill_ft/loss_kd":0.29717948756483203,"prune_distill_ft/epoch":25,"quant_distill_ft/loss_total":0.337845520442709,"prune_distill_ft/loss_ce":0.6173925903599585,"quant_distill_ft/test_acc":90.15,"prune_distill_ft/final_acc":89.45,"prune_distill_ft/train_acc":83.736,"quant_distill_ft/train_acc":85.164,"_step":51,"quant_distill_ft/final_acc":90.23}