{"train_acc":54.22,"lr":0,"_wandb":{"runtime":3990},"test_acc":59.21,"_step":19,"_runtime":3984.096352839,"epoch":3,"_timestamp":1.7724686021212182e+09,"loss":1.443215949151217}