{"_runtime":13356.931558947,"_wandb":{"runtime":13356},"loss":0.8706782912487722,"train_acc":98.808,"_timestamp":1.7720060190139103e+09,"lr":0,"epoch":55,"_step":54,"test_acc":94.64}