{"epoch":55,"test_acc":93.47,"_timestamp":1.7719755471802611e+09,"_wandb":{"runtime":13397},"train_acc":97.686,"loss":0.9215569429271057,"lr":0.0010000000000000002,"_step":54,"_runtime":13397.146108055}