{"_wandb":{"runtime":356},"train_acc":40.65,"_runtime":244.941335634,"lr":0.1,"test_acc":41.69,"epoch":1,"_step":0,"loss":2.049570226913218,"_timestamp":1.771940143519006e+09}