{"_timestamp":1.7724722141161294e+09,"train_acc":93.236,"lr":0,"final_test_acc":93.36,"test_acc":93.36,"_wandb":{"runtime":1614},"_step":11,"loss":0.22472295312263318,"_runtime":1614.927222758,"epoch":10}