{"loss":0.19102613171062355,"lr":0.0010000000000000002,"_step":54,"_wandb":{"runtime":10718},"_runtime":10718.609075966,"epoch":55,"train_acc":94.326,"_timestamp":1.7719621395520082e+09,"test_acc":92.52}